<?xml version = "1.0" encoding = "utf-8"?>
<!DOCTYPE hibernate-configuration SYSTEM 
"http://www.hibernate.org/dtd/hibernate-configuration-3.0.dtd">
<hibernate-configuration>
   <session-factory>
   
      <property name = "hibernate.dialect">
         org.hibernate.dialect.MySQLDialect
      </property>
      
      <property name = "hibernate.connection.driver_class">
         com.mysql.jdbc.Driver
      </property>
      
      <property name = "hibernate.connection.url">
         jdbc:mysql://localhost:3306/db
      </property>
      
      <property name = "hibernate.connection.username">
         root
      </property>
      
      <property name = "hibernate.connection.password">
         1234
      </property>
      
      <mapping class="City.Project.User"/>
      <mapping class="City.Project.Report"/>
      <mapping class="City.Project.Vote"/>
      
   </session-factory>
</hibernate-configuration>